,author,crawled_at,date_post,id_post,id_post_interaction,joined_author,links,messages_author,number_post,resume_author,text_post,thread
0,Eskimocel,2019-06-19 14:24:51.271486,2019-02-15 16:07:11,2124427,[],2018-11-13 00:00:00,[],17391,1,, I want sex. I am a nice boy. I take showers I haircuts Just ugly Give me sexy time pls ,/threads/inceltears-i-need-help.107163/
1,456C6C696F74,2019-06-19 14:24:51.271567,2019-02-15 16:08:38,2124434,[],2018-08-03 00:00:00,[],1374,2,Rōnin, @Eskimocel has good personality. He is being himself. ,/threads/inceltears-i-need-help.107163/
2,Eskimocel,2019-06-19 14:24:51.271644,2019-02-15 16:09:28,2124439,[2124434],2018-11-13 00:00:00,[],17391,3,, 456C6C696F74 said: @Eskimocel has good personality. 		 Click to expand... Thanks for confirming. See IT? People say im nice  ,/threads/inceltears-i-need-help.107163/
3,Reimu Hakurei,2019-06-19 14:24:51.271699,2019-02-15 16:14:51,2124460,[],2019-02-13 00:00:00,[],1584,4,Shrine Maiden of Paradise," ""Have you tried to see a the rapist?"" ",/threads/inceltears-i-need-help.107163/
4,UninspiredGuy1,2019-06-19 14:24:51.271763,2019-02-15 16:14:55,2124461,[],2018-03-27 00:00:00,[],695,5,I only want my penis in foid vagina., No u no get sexy time cuz u misogynist pig ,/threads/inceltears-i-need-help.107163/
5,Eskimocel,2019-06-19 14:24:51.271831,2019-02-15 16:15:55,2124465,[2124461],2018-11-13 00:00:00,[],17391,6,, UninspiredGuy1 said: 			No u no get sexy time cuz u misogynist pig 		 Click to expand... ,/threads/inceltears-i-need-help.107163/
6,Insomniac,2019-06-19 14:24:51.271884,2019-02-15 16:17:16,2124470,[],2018-10-04 00:00:00,[],30084,7,ϟϟ A U T I S M ϟϟ, Get those toxicity levels down sweaty. That’s your problem. ,/threads/inceltears-i-need-help.107163/
7,GeneSelector,2019-06-19 14:24:51.271934,2019-02-15 16:17:20,2124471,[],2018-11-15 00:00:00,[],635,8,oh. hello, help? Is euthanasia legal in your country? ,/threads/inceltears-i-need-help.107163/
8,Eskimocel,2019-06-19 14:24:51.272004,2019-02-15 16:17:57,2124474,[2124470],2018-11-13 00:00:00,[],17391,9,, Insomniac said: 			Get those toxicity levels down sweaty. That’s your problem. 		 Click to expand... but im nice?????????????? fuck all of you i hate this world AWALT AWALT. not incel tho ,/threads/inceltears-i-need-help.107163/
9,Insomniac,2019-06-19 14:24:51.272066,2019-02-15 16:19:17,2124480,[2124474],2018-10-04 00:00:00,[],30084,10,ϟϟ A U T I S M ϟϟ," Eskimocel said: 			fuck all of you 		 Click to expand... See, that’s not very nice. No girl is gonna be attracted to a potty mouth.  ",/threads/inceltears-i-need-help.107163/
10,Eskimocel,2019-06-19 14:24:51.272125,2019-02-15 16:20:34,2124485,[2124480],2018-11-13 00:00:00,[],17391,11,," Insomniac said: 			See, that’s not very nice. No girl is gonna be attracted to a potty mouth.  Click to expand... Ok, can you help me tho??? I want the inside of pussy to cover my cock ",/threads/inceltears-i-need-help.107163/
11,Insomniac,2019-06-19 14:24:51.272196,2019-02-15 16:22:59,2124490,[2124485],2018-10-04 00:00:00,"[('https', 'incels.co', '/attachments/f3a8fee6-df0a-47a2-8d2b-34bba4343803-jpeg.89397/'), ('https', 'incels.co', '/attachments/f3a8fee6-df0a-47a2-8d2b-34bba4343803-jpeg.89397/')]",30084,12,ϟϟ A U T I S M ϟϟ," Eskimocel said: 			Ok, can you help me tho??? I want the inside of pussy to cover my cock 		 Click to expand... You can start by reading this. Also, stop viewing women as sexual objects. They are far more than that you toxic misogynist inkel. ",/threads/inceltears-i-need-help.107163/
12,Eskimocel,2019-06-19 14:24:51.272253,2019-02-15 16:23:48,2124493,[2124490],2018-11-13 00:00:00,"[('https', 'incels.co', '/attachments/89397/')]",17391,13,," Insomniac said: 			You can start by reading this. View attachment 89397 Also, stop viewing women as sexual objects. They are far more than that you toxic misogynist inkel. 		 Click to expand...   i now identify as incel, fuk you hoe. ",/threads/inceltears-i-need-help.107163/
13,Insomniac,2019-06-19 14:24:51.272312,2019-02-15 16:24:37,2124498,[2124493],2018-10-04 00:00:00,[],30084,14,ϟϟ A U T I S M ϟϟ," Eskimocel said: i now identify as incel, fuk you hoe. 		 Click to expand... Well, now you’ll never get laid sweaty. I’m in an open relationship with my wifey and I couldn’t be happier. Jokes on you.  ",/threads/inceltears-i-need-help.107163/
14,Eskimocel,2019-06-19 14:24:51.272369,2019-02-15 16:25:31,2124503,[2124498],2018-11-13 00:00:00,[],17391,15,," Insomniac said: 			Well, now you’ll never get laid sweaty. I’m in an open relationship with my wifey and I couldn’t be happier. Jokes on you.  Click to expand... 1 month after leblackpill took over my brain... Its fine you cuck, we all know the bull behind the scenes... ",/threads/inceltears-i-need-help.107163/
15,Insomniac,2019-06-19 14:24:51.272440,2019-02-15 16:26:55,2124506,[2124503],2018-10-04 00:00:00,"[('https', 'incels.co', '/attachments/ac113971-0bbd-47ff-97de-cbe58f184929-jpeg.89398/'), ('https', 'incels.co', '/attachments/ac113971-0bbd-47ff-97de-cbe58f184929-jpeg.89398/')]",30084,16,ϟϟ A U T I S M ϟϟ," Eskimocel said: 1 month after leblackpill took over my brain... Its fine you cuck, we all know the bull behind the scenes... 		 Click to expand... The bull: ",/threads/inceltears-i-need-help.107163/
16,Eskimocel,2019-06-19 14:24:51.272496,2019-02-15 16:29:15,2124511,[2124506],2018-11-13 00:00:00,"[('https', 'incels.co', '/attachments/89398/')]",17391,17,, Insomniac said: 			The bull: View attachment 89398 Click to expand... Dogs me ,/threads/inceltears-i-need-help.107163/
17,Michael15651,2019-06-19 14:24:51.272543,2019-02-15 20:25:43,2125516,[],2018-11-04 00:00:00,[],23979,18,Destined Virgin., Have you used extra soap? ,/threads/inceltears-i-need-help.107163/
18,Eskimocel,2019-06-19 14:24:51.272601,2019-02-15 20:26:39,2125519,[],2018-11-13 00:00:00,[],17391,19,, yes ,/threads/inceltears-i-need-help.107163/
19,Gengar,2019-06-19 14:24:51.272654,2019-02-15 20:30:15,2125538,[],2018-12-13 00:00:00,[],3161,20,Commander,  One of the funniest threads I saw. Good job @Eskimocel and @Insomniac !!! ,/threads/inceltears-i-need-help.107163/
20,Eskimocel,2019-06-19 14:24:51.272719,2019-02-15 20:31:42,2125543,[2125538],2018-11-13 00:00:00,[],17391,21,, Gengar said:  One of the funniest threads I saw. Good job @Eskimocel and @Insomniac !!! 		 Click to expand... Thanx ,/threads/inceltears-i-need-help.107163/
21,Gengar,2019-06-19 14:24:51.272791,2019-02-15 20:32:20,2125549,[2125543],2018-12-13 00:00:00,[],3161,22,Commander, Eskimocel said: 			Thanx 		 Click to expand... ,/threads/inceltears-i-need-help.107163/
22,Eskimocel,2019-06-19 14:24:51.272878,2019-02-15 20:33:24,2125557,[2125549],2018-11-13 00:00:00,[],17391,23,, Gengar said: Click to expand... yES ,/threads/inceltears-i-need-help.107163/
23,-BrettyBoy-,2019-06-19 14:24:51.272929,2019-02-15 20:38:21,2125572,[],2019-02-14 00:00:00,[],6040,24,Blackpilled.," ‘Just grow some muscles, get a job, stop living with your parents and be popular and follow the crowd like the rest of the normies’. XD ",/threads/inceltears-i-need-help.107163/
24,StaroRavager,2019-06-19 14:24:51.272977,2019-02-15 20:53:07,2125657,[2124460],2018-08-18 00:00:00,[],11389,25,Tool of Agony," Reimu Hakurei said: 			""Have you tried to see a the rapist?"" 		 Click to expand... ",/threads/inceltears-i-need-help.107163/
25,Blacktarpill,2019-06-19 14:24:51.273020,2019-02-15 20:54:12,2125664,[],2018-09-28 00:00:00,[],18293,26,"Beta ""male"" - ""man"" let", O U T  OF  S O Y??? ,/threads/inceltears-i-need-help.107163/
26,Eskimocel,2019-06-19 14:24:51.273080,2019-02-15 21:18:51,2125776,[2125664],2018-11-13 00:00:00,[],17391,27,, Blacktarpill said: O U T  OF  S O Y??? Click to expand... Fake ,/threads/inceltears-i-need-help.107163/
27,Blacktarpill,2019-06-19 14:24:51.273146,2019-02-15 21:20:28,2125784,[2125776],2018-09-28 00:00:00,[],18293,28,"Beta ""male"" - ""man"" let", Eskimocel said: 			Fake 		 Click to expand... yes bro ,/threads/inceltears-i-need-help.107163/
28,Eskimocel,2019-06-19 14:24:51.273198,2019-02-15 21:20:53,2125788,[2125784],2018-11-13 00:00:00,[],17391,29,, Blacktarpill said: 			yes bro 		 Click to expand... No. Reported. ,/threads/inceltears-i-need-help.107163/
29,Blacktarpill,2019-06-19 14:24:51.273255,2019-02-15 21:21:30,2125795,[2125788],2018-09-28 00:00:00,[],18293,30,"Beta ""male"" - ""man"" let", Eskimocel said: 			No. Reported. 		 Click to expand... u knajjds watchdog brutal dogpill ,/threads/inceltears-i-need-help.107163/
30,JeffGoldblumInTheFly,2019-06-19 14:24:51.273313,2019-02-15 21:27:01,2125836,[2124427],2018-05-17 00:00:00,[],5888,31,Overlord, Eskimocel said: 			I am a nice boy. I take showers I haircuts 		 Click to expand... alright but have you been respecting women enough tho? If not increase the soy in your blood and foids will bend for you ,/threads/inceltears-i-need-help.107163/
31,Eskimocel,2019-06-19 14:24:51.273380,2019-02-15 23:40:38,2126316,[2125836],2018-11-13 00:00:00,[],17391,32,, JeffGoldblumInTheFly said: 			alright but have you been respecting women enough tho? If not increase the soy in your blood and foids will bend for you 		 Click to expand... Fuarkkk I try be konfident 0 work ,/threads/inceltears-i-need-help.107163/
